[
  {
    "id": "a70c8731-f916-44fe-8209-5eab969beb91",
    "data": [
      {
        "text": "Exercícios Físicos",
        "userDefined": false
      }
    ],
    "isTemplate": false,
    "count": 0,
    "lang": "pt-br",
    "updated": 0
  },
  {
    "id": "1114653d-efa4-4065-ab53-c8f207ae5493",
    "data": [
      {
        "text": "Exercícios",
        "userDefined": false
      }
    ],
    "isTemplate": false,
    "count": 0,
    "lang": "pt-br",
    "updated": 0
  },
  {
    "id": "731b161c-1c8b-4e82-854c-b2e32d0f91d9",
    "data": [
      {
        "text": "Atividade Física",
        "userDefined": false
      }
    ],
    "isTemplate": false,
    "count": 0,
    "lang": "pt-br",
    "updated": 0
  },
  {
    "id": "4bf9b3db-b2a2-4167-bccb-ec517f54f66c",
    "data": [
      {
        "text": "Farei corridas em breve",
        "userDefined": false
      }
    ],
    "isTemplate": false,
    "count": 0,
    "lang": "pt-br",
    "updated": 0
  },
  {
    "id": "4c0ac1a9-ab30-4b2d-bdb3-616eedfbd0e1",
    "data": [
      {
        "text": "Vou começar a fazer caminhadas",
        "userDefined": false
      }
    ],
    "isTemplate": false,
    "count": 0,
    "lang": "pt-br",
    "updated": 0
  },
  {
    "id": "d000d740-7051-4ce3-bf55-83b84544d52f",
    "data": [
      {
        "text": "Preciso de informações sobre alongamentos e aquecimento",
        "userDefined": false
      }
    ],
    "isTemplate": false,
    "count": 0,
    "lang": "pt-br",
    "updated": 0
  },
  {
    "id": "816b6f73-3c0d-44fb-a699-d6ed532be362",
    "data": [
      {
        "text": "Quero me exercitar",
        "userDefined": false
      }
    ],
    "isTemplate": false,
    "count": 0,
    "lang": "pt-br",
    "updated": 0
  },
  {
    "id": "ea66717b-65ec-4abf-8f57-c72c939b9bf3",
    "data": [
      {
        "text": "Quero",
        "meta": "@sys.ignore",
        "userDefined": false
      },
      {
        "text": " praticar atividades físicas",
        "userDefined": false
      }
    ],
    "isTemplate": false,
    "count": 0,
    "lang": "pt-br",
    "updated": 0
  },
  {
    "id": "75f73e8c-ce13-43e0-9965-b320e760be55",
    "data": [
      {
        "text": "Yara, me",
        "meta": "@sys.ignore",
        "userDefined": false
      },
      {
        "text": " mostre o que tem sobre exercícios",
        "userDefined": false
      }
    ],
    "isTemplate": false,
    "count": 0,
    "lang": "pt-br",
    "updated": 0
  },
  {
    "id": "92cd92c6-14ff-4c86-93cc-15efbd4c860a",
    "data": [
      {
        "text": "Quero falar sobre exercícios",
        "userDefined": false
      }
    ],
    "isTemplate": false,
    "count": 0,
    "lang": "pt-br",
    "updated": 0
  }
]