[
  {
    "id": "87ee6341-e8db-4eaa-bcc8-4c2cb0cebe54",
    "data": [
      {
        "text": "receitas",
        "userDefined": false
      }
    ],
    "isTemplate": false,
    "count": 0,
    "lang": "pt-br",
    "updated": 0
  },
  {
    "id": "50e685c0-aa48-4de8-87d2-403adf71d0f9",
    "data": [
      {
        "text": "Uma receita",
        "userDefined": false
      }
    ],
    "isTemplate": false,
    "count": 0,
    "lang": "pt-br",
    "updated": 0
  },
  {
    "id": "45aacee0-e327-4f54-b344-4e4fcd572296",
    "data": [
      {
        "text": "Algo ",
        "userDefined": false
      },
      {
        "text": "para",
        "meta": "@sys.ignore",
        "userDefined": false
      },
      {
        "text": " o ",
        "userDefined": false
      },
      {
        "text": "ano-novo",
        "meta": "@Ocasiao",
        "alias": "Ocasiao",
        "userDefined": true
      }
    ],
    "isTemplate": false,
    "count": 0,
    "lang": "pt-br",
    "updated": 0
  },
  {
    "id": "06a1f7ce-29b3-41fd-a69a-398ebe3fdf3c",
    "data": [
      {
        "text": "Um",
        "meta": "@sys.ignore",
        "userDefined": false
      },
      {
        "text": " prato especial",
        "userDefined": false
      }
    ],
    "isTemplate": false,
    "count": 0,
    "lang": "pt-br",
    "updated": 0
  },
  {
    "id": "acdf2098-1a4a-49e0-b666-2cce696a84e5",
    "data": [
      {
        "text": "Um ",
        "userDefined": false
      },
      {
        "text": "almoço",
        "meta": "@Refeicao",
        "alias": "Refeicao",
        "userDefined": true
      }
    ],
    "isTemplate": false,
    "count": 0,
    "lang": "pt-br",
    "updated": 0
  },
  {
    "id": "cad88071-4c8d-4def-b90f-ab81fc0aeea2",
    "data": [
      {
        "text": "Qual o melhor prato q vc tem pra mim hoje, Yá?",
        "userDefined": false
      }
    ],
    "isTemplate": false,
    "count": 0,
    "lang": "pt-br",
    "updated": 0
  },
  {
    "id": "15a9f88d-20a2-4222-9934-2bfd58d9a1d5",
    "data": [
      {
        "text": "preciso de ",
        "userDefined": false
      },
      {
        "text": "uma",
        "meta": "@sys.ignore",
        "userDefined": false
      },
      {
        "text": " receita, ",
        "userDefined": false
      },
      {
        "text": "Yara",
        "meta": "@sys.ignore",
        "userDefined": false
      }
    ],
    "isTemplate": false,
    "count": 0,
    "lang": "pt-br",
    "updated": 0
  },
  {
    "id": "1c0ef652-fe64-4ab6-89c5-d58e0fa5a984",
    "data": [
      {
        "text": "Comida",
        "meta": "@sys.ignore",
        "userDefined": false
      },
      {
        "text": " é sempre melhor",
        "userDefined": false
      }
    ],
    "isTemplate": false,
    "count": 0,
    "lang": "pt-br",
    "updated": 0
  },
  {
    "id": "68bfc33f-0b30-4d2c-a467-6bb8bc25695a",
    "data": [
      {
        "text": "receitas? Gostei",
        "userDefined": false
      }
    ],
    "isTemplate": false,
    "count": 0,
    "lang": "pt-br",
    "updated": 0
  },
  {
    "id": "54b4481d-aab2-48d6-9dbf-cd3d1cef1af0",
    "data": [
      {
        "text": "quais receitas você pode me sugerir?",
        "userDefined": false
      }
    ],
    "isTemplate": false,
    "count": 0,
    "lang": "pt-br",
    "updated": 0
  },
  {
    "id": "50d78be7-53bd-48b2-8b6d-a40753c634c5",
    "data": [
      {
        "text": "alimentação",
        "meta": "@sys.ignore",
        "userDefined": false
      },
      {
        "text": " por favor",
        "userDefined": false
      }
    ],
    "isTemplate": false,
    "count": 0,
    "lang": "pt-br",
    "updated": 0
  },
  {
    "id": "569c7a61-01b2-48ad-a5b5-86118e284267",
    "data": [
      {
        "text": "Pode ser, quero falar sobre ",
        "userDefined": false
      },
      {
        "text": "alimentação",
        "meta": "@sys.ignore",
        "userDefined": false
      }
    ],
    "isTemplate": false,
    "count": 0,
    "lang": "pt-br",
    "updated": 0
  }
]