[
  {
    "id": "1c0e7b83-acb1-4019-828d-8e9be745a12c",
    "data": [
      {
        "text": "Obrigada",
        "userDefined": false
      }
    ],
    "isTemplate": false,
    "count": 0,
    "lang": "pt-br",
    "updated": 0
  },
  {
    "id": "bfbf9e13-b939-420b-82a6-b1cc6e735e81",
    "data": [
      {
        "text": "Obrigado",
        "userDefined": false
      }
    ],
    "isTemplate": false,
    "count": 0,
    "lang": "pt-br",
    "updated": 0
  },
  {
    "id": "d9ecf91d-0625-428b-9269-0db30a201db1",
    "data": [
      {
        "text": "Gostei",
        "meta": "@CategoriaAlimento",
        "alias": "categoriaalimento",
        "userDefined": false
      },
      {
        "text": ", é isso",
        "userDefined": false
      }
    ],
    "isTemplate": false,
    "count": 0,
    "lang": "pt-br",
    "updated": 0
  },
  {
    "id": "8f9b7f76-1ad2-4de3-bc24-d866ca65d8cd",
    "data": [
      {
        "text": "Terminei",
        "userDefined": false
      }
    ],
    "isTemplate": false,
    "count": 0,
    "lang": "pt-br",
    "updated": 0
  },
  {
    "id": "216d1a47-477d-4a6b-936e-0d670041719b",
    "data": [
      {
        "text": "Valeu, ",
        "userDefined": false
      },
      {
        "text": "Yara",
        "meta": "@sys.ignore",
        "userDefined": false
      }
    ],
    "isTemplate": false,
    "count": 0,
    "lang": "pt-br",
    "updated": 0
  },
  {
    "id": "df65781f-f2b3-4112-9bfb-eed3d6d8613d",
    "data": [
      {
        "text": "Muito Obrigado",
        "userDefined": false
      }
    ],
    "isTemplate": false,
    "count": 0,
    "lang": "pt-br",
    "updated": 0
  }
]