[
  {
    "id": "6b655363-e01b-4b14-bd8d-18ab7765504a",
    "data": [
      {
        "text": "E as crianças pequenas?",
        "userDefined": false
      }
    ],
    "isTemplate": false,
    "count": 0,
    "lang": "pt-br",
    "updated": 0
  },
  {
    "id": "29ced8ab-8932-44c7-9dbb-276467a1ddb7",
    "data": [
      {
        "text": "Recém Nascidos podem fazer qualquer coisa?",
        "userDefined": false
      }
    ],
    "isTemplate": false,
    "count": 0,
    "lang": "pt-br",
    "updated": 0
  },
  {
    "id": "e9593af4-8f96-43da-85b9-247632572733",
    "data": [
      {
        "text": "A criança que tem em casa tem ",
        "userDefined": false
      },
      {
        "text": "cerca de 4 anos",
        "meta": "@sys.ignore",
        "userDefined": false
      },
      {
        "text": "...",
        "userDefined": false
      }
    ],
    "isTemplate": false,
    "count": 0,
    "lang": "pt-br",
    "updated": 0
  },
  {
    "id": "a4652844-05d1-4f25-bfa3-ddd8f204185e",
    "data": [
      {
        "text": "Meu filho",
        "meta": "@sys.ignore",
        "userDefined": false
      },
      {
        "text": " tem ",
        "userDefined": false
      },
      {
        "text": "menos que 5 anos",
        "meta": "@sys.ignore",
        "userDefined": false
      },
      {
        "text": ", o que faço?",
        "userDefined": false
      }
    ],
    "isTemplate": false,
    "count": 0,
    "lang": "pt-br",
    "updated": 0
  }
]