[
  {
    "id": "1d52e49c-014d-476a-8c64-14023afe05d2",
    "data": [
      {
        "text": "Exercícios físicos",
        "userDefined": false
      }
    ],
    "isTemplate": false,
    "count": 0,
    "lang": "pt-br",
    "updated": 0
  },
  {
    "id": "b4e5c28b-8979-4238-8dad-d772b2d1e956",
    "data": [
      {
        "text": "Nunca me exercitei, o que preciso saber",
        "userDefined": false
      }
    ],
    "isTemplate": false,
    "count": 0,
    "lang": "pt-br",
    "updated": 0
  },
  {
    "id": "20a582b1-f373-456e-acde-bd846baf99dd",
    "data": [
      {
        "text": "Quero começar a fazer atividades físicas",
        "userDefined": false
      }
    ],
    "isTemplate": false,
    "count": 0,
    "lang": "pt-br",
    "updated": 0
  },
  {
    "id": "a9bf507a-fc1f-4948-80e3-c45811a48717",
    "data": [
      {
        "text": "Quero começar a me exercitar",
        "userDefined": false
      }
    ],
    "isTemplate": false,
    "count": 0,
    "lang": "pt-br",
    "updated": 0
  },
  {
    "id": "40cd228f-8823-492b-948e-7698992174c2",
    "data": [
      {
        "text": "o que preciso saber ",
        "userDefined": false
      },
      {
        "text": "antes",
        "meta": "@sys.ignore",
        "userDefined": false
      },
      {
        "text": " de começar ",
        "userDefined": false
      },
      {
        "text": "uma",
        "meta": "@sys.ignore",
        "userDefined": false
      },
      {
        "text": " atividade física?",
        "userDefined": false
      }
    ],
    "isTemplate": false,
    "count": 0,
    "lang": "pt-br",
    "updated": 0
  }
]