[
  {
    "id": "4b9e26f4-09a2-4fbb-8145-c9c83b669a3b",
    "data": [
      {
        "text": "Não posso apenas começar meus exercícios ",
        "userDefined": false
      },
      {
        "text": "sem",
        "meta": "@sys.ignore",
        "userDefined": false
      },
      {
        "text": " aquecimento?",
        "userDefined": false
      }
    ],
    "isTemplate": false,
    "count": 0,
    "lang": "pt-br",
    "updated": 0
  },
  {
    "id": "dc8a1b7f-93cb-458f-80e2-3d35307312c4",
    "data": [
      {
        "text": "Não posso só me aquecer ",
        "userDefined": false
      },
      {
        "text": "sem",
        "meta": "@sys.ignore",
        "userDefined": false
      },
      {
        "text": " me alongar?",
        "userDefined": false
      }
    ],
    "isTemplate": false,
    "count": 0,
    "lang": "pt-br",
    "updated": 0
  },
  {
    "id": "8f0ecd2a-42f7-4d4f-a208-28fde1054daa",
    "data": [
      {
        "text": "Preciso fazer aquecimentos?",
        "userDefined": false
      }
    ],
    "isTemplate": false,
    "count": 0,
    "lang": "pt-br",
    "updated": 0
  },
  {
    "id": "8c7b6f6f-b237-4fc2-922c-e8580fd9c7a3",
    "data": [
      {
        "text": "Preciso fazer alongamentos?",
        "userDefined": false
      }
    ],
    "isTemplate": false,
    "count": 0,
    "lang": "pt-br",
    "updated": 0
  },
  {
    "id": "ca2591a3-5ef4-456d-b203-c993e71c0629",
    "data": [
      {
        "text": "Qual a diferença entre alongamento e aquecimento?",
        "userDefined": false
      }
    ],
    "isTemplate": false,
    "count": 0,
    "lang": "pt-br",
    "updated": 0
  }
]