[
  {
    "id": "8a250932-7dd7-45ed-8e4b-4e511dbb7682",
    "data": [
      {
        "text": "Como performar melhor em ",
        "userDefined": false
      },
      {
        "text": "uma",
        "meta": "@sys.ignore",
        "userDefined": false
      },
      {
        "text": " caminhada?",
        "userDefined": false
      }
    ],
    "isTemplate": false,
    "count": 0,
    "lang": "pt-br",
    "updated": 0
  },
  {
    "id": "7c2f0dd8-b373-40de-84d1-b7ade71b20e5",
    "data": [
      {
        "text": "Como correr melhor",
        "userDefined": false
      }
    ],
    "isTemplate": false,
    "count": 0,
    "lang": "pt-br",
    "updated": 0
  },
  {
    "id": "6ac0e371-0a92-4dbe-8782-b4ddb3793e67",
    "data": [
      {
        "text": "Quero caminhar",
        "userDefined": false
      }
    ],
    "isTemplate": false,
    "count": 0,
    "lang": "pt-br",
    "updated": 0
  },
  {
    "id": "558dd9ec-1239-4cc8-ba07-0ab32b1a512d",
    "data": [
      {
        "text": "Quero correr",
        "userDefined": false
      }
    ],
    "isTemplate": false,
    "count": 0,
    "lang": "pt-br",
    "updated": 0
  },
  {
    "id": "889c04f8-e8b1-43a1-9719-80a85a758cc1",
    "data": [
      {
        "text": "Corridas, o que vc sabe a respeito?",
        "userDefined": false
      }
    ],
    "isTemplate": false,
    "count": 0,
    "lang": "pt-br",
    "updated": 0
  },
  {
    "id": "d9697062-a025-4e69-a8df-27e9a606caeb",
    "data": [
      {
        "text": "Tenho ",
        "userDefined": false
      },
      {
        "text": "um tênis",
        "meta": "@sys.ignore",
        "userDefined": false
      },
      {
        "text": " parado em casa, posso usar ",
        "userDefined": false
      },
      {
        "text": "para",
        "meta": "@sys.ignore",
        "userDefined": false
      },
      {
        "text": " fazer corridas?",
        "userDefined": false
      }
    ],
    "isTemplate": false,
    "count": 0,
    "lang": "pt-br",
    "updated": 0
  },
  {
    "id": "f0b80961-9216-4da3-a1ce-0021217d303b",
    "data": [
      {
        "text": "Para",
        "meta": "@sys.ignore",
        "userDefined": false
      },
      {
        "text": " caminhar, preciso ",
        "userDefined": false
      },
      {
        "text": "ter",
        "meta": "@sys.ignore",
        "userDefined": false
      },
      {
        "text": " ",
        "userDefined": false
      },
      {
        "text": "roupas",
        "meta": "@sys.ignore",
        "userDefined": false
      },
      {
        "text": " específicas?",
        "userDefined": false
      }
    ],
    "isTemplate": false,
    "count": 0,
    "lang": "pt-br",
    "updated": 0
  },
  {
    "id": "0045b2e8-71f4-46cd-97e1-5c07a4976a37",
    "data": [
      {
        "text": "Quero começar a fazer caminhadas, por onde começo?",
        "userDefined": false
      }
    ],
    "isTemplate": false,
    "count": 0,
    "lang": "pt-br",
    "updated": 0
  }
]