[
  {
    "id": "acd385d5-f741-4549-b827-ec6d27c31fe2",
    "data": [
      {
        "text": "Preciso mesmo me exercitar ",
        "userDefined": false
      },
      {
        "text": "agora",
        "meta": "@sys.ignore",
        "userDefined": false
      }
    ],
    "isTemplate": false,
    "count": 0,
    "lang": "pt-br",
    "updated": 0
  },
  {
    "id": "aa04c5a3-f8ae-4bf1-aa80-8d86fc6f9843",
    "data": [
      {
        "text": "Por",
        "meta": "@sys.ignore",
        "userDefined": false
      },
      {
        "text": " que tenho que fazer exercícios? Qual o benefício?",
        "userDefined": false
      }
    ],
    "isTemplate": false,
    "count": 0,
    "lang": "pt-br",
    "updated": 0
  },
  {
    "id": "afa65702-930c-43d2-8dbc-6c4b4e5c91e4",
    "data": [
      {
        "text": "Posso deixar ",
        "userDefined": false
      },
      {
        "text": "para",
        "meta": "@sys.ignore",
        "userDefined": false
      },
      {
        "text": " me exercitar só depois da pandemia?",
        "userDefined": false
      }
    ],
    "isTemplate": false,
    "count": 0,
    "lang": "pt-br",
    "updated": 0
  },
  {
    "id": "2fb6af42-7b30-47f5-949a-5020511bbc5d",
    "data": [
      {
        "text": "Tenho mesmo que fazer exercícios ",
        "userDefined": false
      },
      {
        "text": "agora",
        "meta": "@sys.ignore",
        "userDefined": false
      },
      {
        "text": "?",
        "userDefined": false
      }
    ],
    "isTemplate": false,
    "count": 0,
    "lang": "pt-br",
    "updated": 0
  },
  {
    "id": "a71cee4f-0952-4c28-8835-eae2c8147caf",
    "data": [
      {
        "text": "Por",
        "meta": "@sys.ignore",
        "userDefined": false
      },
      {
        "text": " que é tão importante se exercitar em ",
        "userDefined": false
      },
      {
        "text": "meio ao",
        "meta": "@sys.ignore",
        "userDefined": false
      },
      {
        "text": " ",
        "userDefined": false
      },
      {
        "text": "corona",
        "meta": "@sys.ignore",
        "userDefined": false
      }
    ],
    "isTemplate": false,
    "count": 0,
    "lang": "pt-br",
    "updated": 0
  }
]