[
  {
    "id": "0bf9c20f-67bb-40a0-b87d-9cfaf5ae57d1",
    "data": [
      {
        "text": "Dá ",
        "userDefined": false
      },
      {
        "text": "para",
        "meta": "@sys.ignore",
        "userDefined": false
      },
      {
        "text": " se exercitar dentro de casa?",
        "userDefined": false
      }
    ],
    "isTemplate": false,
    "count": 0,
    "lang": "pt-br",
    "updated": 0
  },
  {
    "id": "07d6c8cc-997f-4a0a-aee2-bfabbbe6cd0e",
    "data": [
      {
        "text": "Já sou idoso, mas preciso praticar atividades físicas em casa",
        "userDefined": false
      }
    ],
    "isTemplate": false,
    "count": 0,
    "lang": "pt-br",
    "updated": 0
  },
  {
    "id": "2f24f301-48ef-4870-8961-3fb781c1caa6",
    "data": [
      {
        "text": "Yara",
        "meta": "@sys.ignore",
        "userDefined": false
      },
      {
        "text": ", tenho ",
        "userDefined": false
      },
      {
        "text": "um",
        "meta": "@sys.ignore",
        "userDefined": false
      },
      {
        "text": " ",
        "userDefined": false
      },
      {
        "text": "filho",
        "meta": "@sys.ignore",
        "userDefined": false
      },
      {
        "text": " e queria saber o que posso fazer ",
        "userDefined": false
      },
      {
        "text": "para",
        "meta": "@sys.ignore",
        "userDefined": false
      },
      {
        "text": " que ele se exercite ",
        "userDefined": false
      },
      {
        "text": "agora",
        "meta": "@sys.ignore",
        "userDefined": false
      }
    ],
    "isTemplate": false,
    "count": 0,
    "lang": "pt-br",
    "updated": 0
  },
  {
    "id": "3407baa4-db08-4569-9a50-c0c30bb4764b",
    "data": [
      {
        "text": "Yara",
        "meta": "@sys.ignore",
        "userDefined": false
      },
      {
        "text": ", estou precisando me exercitar mas a covid não ",
        "userDefined": false
      },
      {
        "text": "ajuda",
        "meta": "@sys.ignore",
        "userDefined": false
      }
    ],
    "isTemplate": false,
    "count": 0,
    "lang": "pt-br",
    "updated": 0
  },
  {
    "id": "6739945e-35a1-4f24-bcc2-e56290310755",
    "data": [
      {
        "text": "Yara",
        "meta": "@sys.ignore",
        "userDefined": false
      },
      {
        "text": ", como posso me exercitar na pandemia?",
        "userDefined": false
      }
    ],
    "isTemplate": false,
    "count": 0,
    "lang": "pt-br",
    "updated": 0
  }
]