[
  {
    "id": "66d6fbae-c7d1-431a-bd61-f1e677933336",
    "data": [
      {
        "text": "Sinto alguns incômodos quando corro, o que posso melhorar?",
        "userDefined": false
      }
    ],
    "isTemplate": false,
    "count": 0,
    "lang": "pt-br",
    "updated": 0
  },
  {
    "id": "57cbf7d9-e0c7-48b5-a6e5-60272168b61b",
    "data": [
      {
        "text": "Você sabe alguma dica ",
        "userDefined": false
      },
      {
        "text": "para",
        "meta": "@sys.ignore",
        "userDefined": false
      },
      {
        "text": " melhorar a postura ",
        "userDefined": false
      },
      {
        "text": "para",
        "meta": "@sys.ignore",
        "userDefined": false
      },
      {
        "text": " correr?",
        "userDefined": false
      }
    ],
    "isTemplate": false,
    "count": 0,
    "lang": "pt-br",
    "updated": 0
  },
  {
    "id": "50e8ec86-4953-4126-8432-f5685b2f073f",
    "data": [
      {
        "text": "Qual a postura que preciso ter durante a corrida?",
        "userDefined": false
      }
    ],
    "isTemplate": false,
    "count": 0,
    "lang": "pt-br",
    "updated": 0
  },
  {
    "id": "9565838f-ccd4-4a14-a439-d5f15e403113",
    "data": [
      {
        "text": "mais resultados",
        "userDefined": false
      }
    ],
    "isTemplate": false,
    "count": 0,
    "lang": "pt-br",
    "updated": 0
  },
  {
    "id": "d51ba7c2-9dad-4996-97a2-cfa242ae8bbb",
    "data": [
      {
        "text": "há mais alguma coisa",
        "userDefined": false
      }
    ],
    "isTemplate": false,
    "count": 1,
    "lang": "pt-br",
    "updated": 0
  },
  {
    "id": "6fe37efd-c1e7-4808-ad46-901fff68212e",
    "data": [
      {
        "text": "mais",
        "userDefined": false
      }
    ],
    "isTemplate": false,
    "count": 2,
    "lang": "pt-br",
    "updated": 0
  },
  {
    "id": "a32aa159-87f9-4a59-9632-25e2a63e2fd4",
    "data": [
      {
        "text": "outra coisa",
        "userDefined": false
      }
    ],
    "isTemplate": false,
    "count": 2,
    "lang": "pt-br",
    "updated": 0
  },
  {
    "id": "dde27c70-056d-4378-8404-e8ee3ff3b4df",
    "data": [
      {
        "text": "mais informações",
        "userDefined": false
      }
    ],
    "isTemplate": false,
    "count": 0,
    "lang": "pt-br",
    "updated": 0
  },
  {
    "id": "9a8806d7-ff87-4626-a52f-47dd6533aed2",
    "data": [
      {
        "text": "outros resultados",
        "userDefined": false
      }
    ],
    "isTemplate": false,
    "count": 0,
    "lang": "pt-br",
    "updated": 0
  },
  {
    "id": "b13d943a-e94f-491c-b483-9ea87102413a",
    "data": [
      {
        "text": "me conte mais",
        "userDefined": false
      }
    ],
    "isTemplate": false,
    "count": 0,
    "lang": "pt-br",
    "updated": 0
  },
  {
    "id": "c1974b81-c64d-4acc-8a59-fc7c73f13ad5",
    "data": [
      {
        "text": "mostre mais",
        "userDefined": false
      }
    ],
    "isTemplate": false,
    "count": 1,
    "lang": "pt-br",
    "updated": 0
  },
  {
    "id": "9f858277-3bfd-44fd-b7e4-02519de4f41d",
    "data": [
      {
        "text": "o que mais",
        "userDefined": false
      }
    ],
    "isTemplate": false,
    "count": 3,
    "lang": "pt-br",
    "updated": 0
  }
]