[
  {
    "id": "cc70408a-49a7-4038-9e69-13d9f43512c6",
    "data": [
      {
        "text": "Devo consultar ",
        "userDefined": false
      },
      {
        "text": "um",
        "meta": "@sys.ignore",
        "userDefined": false
      },
      {
        "text": " profissional de ",
        "userDefined": false
      },
      {
        "text": "educação",
        "meta": "@sys.ignore",
        "userDefined": false
      },
      {
        "text": " física?",
        "userDefined": false
      }
    ],
    "isTemplate": false,
    "count": 0,
    "lang": "pt-br",
    "updated": 0
  },
  {
    "id": "cb18332c-acca-4cd5-8be7-33e4d07b9a32",
    "data": [
      {
        "text": "Preciso ir ao médico?",
        "userDefined": false
      }
    ],
    "isTemplate": false,
    "count": 0,
    "lang": "pt-br",
    "updated": 0
  },
  {
    "id": "50695f31-5924-4d20-a06a-20af93054ecc",
    "data": [
      {
        "text": "Por",
        "meta": "@sys.ignore",
        "userDefined": false
      },
      {
        "text": " que devo consultar ",
        "userDefined": false
      },
      {
        "text": "um",
        "meta": "@sys.ignore",
        "userDefined": false
      },
      {
        "text": " médico e ",
        "userDefined": false
      },
      {
        "text": "um",
        "meta": "@sys.ignore",
        "userDefined": false
      },
      {
        "text": " profissional de ",
        "userDefined": false
      },
      {
        "text": "Educação",
        "meta": "@sys.ignore",
        "userDefined": false
      },
      {
        "text": " Física?",
        "userDefined": false
      }
    ],
    "isTemplate": false,
    "count": 0,
    "lang": "pt-br",
    "updated": 0
  }
]