[
  {
    "id": "cad699ee-4378-4d5b-9ebd-38ac00311d4e",
    "data": [
      {
        "text": "Não anotei, repita",
        "userDefined": false
      }
    ],
    "isTemplate": false,
    "count": 0,
    "lang": "pt-br",
    "updated": 0
  },
  {
    "id": "1a5334c2-65cb-4127-b315-4edadcedbfeb",
    "data": [
      {
        "text": "Volte ",
        "userDefined": false
      },
      {
        "text": "um",
        "meta": "@sys.ignore",
        "userDefined": false
      }
    ],
    "isTemplate": false,
    "count": 0,
    "lang": "pt-br",
    "updated": 0
  },
  {
    "id": "a12f8445-2389-4482-83b4-c66d8e18d04d",
    "data": [
      {
        "text": "Fale",
        "meta": "@sys.ignore",
        "userDefined": false
      },
      {
        "text": " de novo",
        "userDefined": false
      }
    ],
    "isTemplate": false,
    "count": 0,
    "lang": "pt-br",
    "updated": 0
  },
  {
    "id": "6b42bdb5-e9ad-432e-871d-2a99819448d9",
    "data": [
      {
        "text": "Não entendi",
        "userDefined": false
      }
    ],
    "isTemplate": false,
    "count": 0,
    "lang": "pt-br",
    "updated": 0
  },
  {
    "id": "90fb7dae-cdfb-49e6-82ad-37661bdcaa41",
    "data": [
      {
        "text": "Repita",
        "meta": "@sys.ignore",
        "userDefined": false
      }
    ],
    "isTemplate": false,
    "count": 0,
    "lang": "pt-br",
    "updated": 0
  },
  {
    "id": "2341f97c-d1d4-4a7a-822b-4a08faccd4ee",
    "data": [
      {
        "text": "Repete, ",
        "userDefined": false
      },
      {
        "text": "por",
        "meta": "@sys.ignore",
        "userDefined": false
      },
      {
        "text": " favor?",
        "userDefined": false
      }
    ],
    "isTemplate": false,
    "count": 0,
    "lang": "pt-br",
    "updated": 0
  }
]