[
  {
    "id": "1d636354-4612-4cfe-b514-8be4882423b5",
    "data": [
      {
        "text": "Ok",
        "meta": "@sys.ignore",
        "userDefined": false
      }
    ],
    "isTemplate": false,
    "count": 0,
    "lang": "pt-br",
    "updated": 0
  },
  {
    "id": "6b5b4e82-fe95-419a-a52d-103a288daa44",
    "data": [
      {
        "text": "Beleza",
        "meta": "@sys.ignore",
        "userDefined": false
      }
    ],
    "isTemplate": false,
    "count": 0,
    "lang": "pt-br",
    "updated": 0
  },
  {
    "id": "fe89da47-b89d-48ff-bc9f-c322bdb0fa4a",
    "data": [
      {
        "text": "Certo",
        "userDefined": false
      }
    ],
    "isTemplate": false,
    "count": 0,
    "lang": "pt-br",
    "updated": 0
  },
  {
    "id": "ffe572f3-d8eb-4f4f-a76e-e73a80907d94",
    "data": [
      {
        "text": "Tudo certo",
        "userDefined": false
      }
    ],
    "isTemplate": false,
    "count": 0,
    "lang": "pt-br",
    "updated": 0
  },
  {
    "id": "6ef6860f-fc9f-41ab-b65c-a289a15dd8a6",
    "data": [
      {
        "text": "O que mais?",
        "userDefined": false
      }
    ],
    "isTemplate": false,
    "count": 0,
    "lang": "pt-br",
    "updated": 0
  },
  {
    "id": "38da2013-ea83-43d1-8732-745533dd6e32",
    "data": [
      {
        "text": "Continue",
        "userDefined": false
      }
    ],
    "isTemplate": false,
    "count": 0,
    "lang": "pt-br",
    "updated": 0
  },
  {
    "id": "b459b57c-5419-4775-9917-62fd8d2d0e5e",
    "data": [
      {
        "text": "Terminei",
        "userDefined": false
      }
    ],
    "isTemplate": false,
    "count": 0,
    "lang": "pt-br",
    "updated": 0
  },
  {
    "id": "85f054ca-b20d-4704-90d7-9b22d16b3f4c",
    "data": [
      {
        "text": "Próximo",
        "meta": "@sys.ignore",
        "userDefined": false
      }
    ],
    "isTemplate": false,
    "count": 0,
    "lang": "pt-br",
    "updated": 0
  },
  {
    "id": "653ff3fd-a73e-4999-a9b0-ce3c0ffa8358",
    "data": [
      {
        "text": "Continuar",
        "userDefined": false
      }
    ],
    "isTemplate": false,
    "count": 0,
    "lang": "pt-br",
    "updated": 0
  },
  {
    "id": "6d532c5c-de3d-4d00-a4fb-7f954fa14fea",
    "data": [
      {
        "text": "Modo de preparo",
        "userDefined": false
      }
    ],
    "isTemplate": false,
    "count": 0,
    "lang": "pt-br",
    "updated": 0
  },
  {
    "id": "b673d8ed-46b8-4370-b686-5c3b11432f72",
    "data": [
      {
        "text": "Me mostre o modo de preparo",
        "userDefined": false
      }
    ],
    "isTemplate": false,
    "count": 0,
    "lang": "pt-br",
    "updated": 0
  },
  {
    "id": "d37d9f67-34b6-4aeb-997f-9c20b2155bf7",
    "data": [
      {
        "text": "Tudo separado",
        "userDefined": false
      }
    ],
    "isTemplate": false,
    "count": 0,
    "lang": "pt-br",
    "updated": 0
  },
  {
    "id": "ff8f93ee-1602-4ea3-9c69-f22443256e94",
    "data": [
      {
        "text": "Tudo preparado",
        "userDefined": false
      }
    ],
    "isTemplate": false,
    "count": 0,
    "lang": "pt-br",
    "updated": 0
  },
  {
    "id": "8ee5d1d7-0f78-4fe3-9626-9562398dd99f",
    "data": [
      {
        "text": "Já reservei",
        "userDefined": false
      }
    ],
    "isTemplate": false,
    "count": 0,
    "lang": "pt-br",
    "updated": 0
  },
  {
    "id": "62f9998d-d28f-483c-802c-759723f258cf",
    "data": [
      {
        "text": "Já anotei",
        "userDefined": false
      }
    ],
    "isTemplate": false,
    "count": 0,
    "lang": "pt-br",
    "updated": 0
  },
  {
    "id": "07be71d9-d8a3-4059-94a2-bb0a600b988f",
    "data": [
      {
        "text": "Estou pronto",
        "userDefined": false
      }
    ],
    "isTemplate": false,
    "count": 0,
    "lang": "pt-br",
    "updated": 0
  },
  {
    "id": "72bfb422-3e55-41ed-9b6c-15e60c473a36",
    "data": [
      {
        "text": "Vamos lá",
        "userDefined": false
      }
    ],
    "isTemplate": false,
    "count": 0,
    "lang": "pt-br",
    "updated": 0
  }
]