[
  {
    "id": "096debdd-7953-44bf-b2c6-7fe8f4ee516c",
    "data": [
      {
        "text": "posso ver esse outro que passou?",
        "userDefined": false
      }
    ],
    "isTemplate": false,
    "count": 0,
    "lang": "pt-br",
    "updated": 0
  },
  {
    "id": "12e17c55-cdb6-41ae-9159-fd697cd30c80",
    "data": [
      {
        "text": "dá pra ver esse que passou",
        "userDefined": false
      }
    ],
    "isTemplate": false,
    "count": 0,
    "lang": "pt-br",
    "updated": 0
  },
  {
    "id": "8ff6b69a-9f53-4488-9e6c-caf390ed9436",
    "data": [
      {
        "text": "me mostre esse que passou",
        "userDefined": false
      }
    ],
    "isTemplate": false,
    "count": 0,
    "lang": "pt-br",
    "updated": 0
  },
  {
    "id": "2e1664bc-1e46-4e28-bf2e-3c0cbe5dc3a4",
    "data": [
      {
        "text": "rever",
        "meta": "@sys.ignore",
        "userDefined": false
      },
      {
        "text": " o último",
        "userDefined": false
      }
    ],
    "isTemplate": false,
    "count": 0,
    "lang": "pt-br",
    "updated": 0
  },
  {
    "id": "ffb45646-9b0c-4e87-9688-9b53b519afd8",
    "data": [
      {
        "text": "esse último não ",
        "userDefined": false
      },
      {
        "text": "captei",
        "meta": "@sys.ignore",
        "userDefined": false
      }
    ],
    "isTemplate": false,
    "count": 0,
    "lang": "pt-br",
    "updated": 0
  },
  {
    "id": "56a4e6b7-2134-445e-a1c5-8e934b953263",
    "data": [
      {
        "text": "volte ",
        "userDefined": false
      },
      {
        "text": "um",
        "meta": "@sys.ignore",
        "userDefined": false
      }
    ],
    "isTemplate": false,
    "count": 0,
    "lang": "pt-br",
    "updated": 0
  },
  {
    "id": "30b07f4c-08b4-4bcd-8492-ac3f9dc0d92d",
    "data": [
      {
        "text": "esqueci o último",
        "userDefined": false
      }
    ],
    "isTemplate": false,
    "count": 0,
    "lang": "pt-br",
    "updated": 0
  },
  {
    "id": "98da72e8-8596-4d2e-9fb4-43844e2afd27",
    "data": [
      {
        "text": "dá pra voltar ",
        "userDefined": false
      },
      {
        "text": "um",
        "meta": "@sys.ignore",
        "userDefined": false
      },
      {
        "text": "?",
        "userDefined": false
      }
    ],
    "isTemplate": false,
    "count": 0,
    "lang": "pt-br",
    "updated": 0
  },
  {
    "id": "6d8160f6-3c72-4215-b05b-c8c83887685f",
    "data": [
      {
        "text": "resultados anteriores",
        "userDefined": false
      }
    ],
    "isTemplate": false,
    "count": 0,
    "lang": "pt-br",
    "updated": 0
  },
  {
    "id": "7c787151-bdbf-4266-8809-ce1453d58172",
    "data": [
      {
        "text": "página anterior",
        "userDefined": false
      }
    ],
    "isTemplate": false,
    "count": 2,
    "lang": "pt-br",
    "updated": 0
  },
  {
    "id": "a6b3fddb-1ef9-4cd9-9ab8-26523f78ca75",
    "data": [
      {
        "text": "leia os resultados anteriores",
        "userDefined": false
      }
    ],
    "isTemplate": false,
    "count": 2,
    "lang": "pt-br",
    "updated": 0
  },
  {
    "id": "af7b7c10-0a98-4528-85ed-3cd7c65ecc31",
    "data": [
      {
        "text": "voltar para a página anterior",
        "userDefined": false
      }
    ],
    "isTemplate": false,
    "count": 0,
    "lang": "pt-br",
    "updated": 0
  },
  {
    "id": "a699518b-dc72-4966-9fde-bafafa2f2c4e",
    "data": [
      {
        "text": "volte",
        "userDefined": false
      }
    ],
    "isTemplate": false,
    "count": 1,
    "lang": "pt-br",
    "updated": 0
  },
  {
    "id": "0ffa8e6b-f2b2-4271-abbe-bb3d12a4ae40",
    "data": [
      {
        "text": "vá para os resultados anteriores",
        "userDefined": false
      }
    ],
    "isTemplate": false,
    "count": 1,
    "lang": "pt-br",
    "updated": 0
  },
  {
    "id": "79e02b94-bea3-4f93-abc3-ea3382b24fe2",
    "data": [
      {
        "text": "voltar ao anterior",
        "userDefined": false
      }
    ],
    "isTemplate": false,
    "count": 2,
    "lang": "pt-br",
    "updated": 0
  },
  {
    "id": "5f0bf3b9-2e56-4725-af94-2be131a660dd",
    "data": [
      {
        "text": "vá para a página anterior",
        "userDefined": false
      }
    ],
    "isTemplate": false,
    "count": 0,
    "lang": "pt-br",
    "updated": 0
  },
  {
    "id": "b1bf1820-c36d-42e4-ab40-01a5fc329b05",
    "data": [
      {
        "text": "voltar",
        "userDefined": false
      }
    ],
    "isTemplate": false,
    "count": 1,
    "lang": "pt-br",
    "updated": 0
  },
  {
    "id": "58a955de-862b-40ed-93cf-561cb9979dfb",
    "data": [
      {
        "text": "anterior",
        "userDefined": false
      }
    ],
    "isTemplate": false,
    "count": 0,
    "lang": "pt-br",
    "updated": 0
  }
]