[
  {
    "id": "fc7db33a-df10-4b1f-8ce2-45fee0119840",
    "data": [
      {
        "text": "Algo pro",
        "meta": "@sys.ignore",
        "userDefined": false
      },
      {
        "text": " ",
        "userDefined": false
      },
      {
        "text": "fim de semana",
        "meta": "@Ocasiao",
        "alias": "Ocasiao",
        "userDefined": false
      }
    ],
    "isTemplate": false,
    "count": 0,
    "lang": "pt-br",
    "updated": 0
  },
  {
    "id": "bef0cc8d-ca47-444b-8a02-55fe618a052f",
    "data": [
      {
        "text": "O ",
        "userDefined": false
      },
      {
        "text": "ano novo",
        "meta": "@Ocasiao",
        "alias": "Ocasiao",
        "userDefined": false
      },
      {
        "text": " ",
        "userDefined": false
      },
      {
        "text": "tá chegando",
        "meta": "@sys.ignore",
        "userDefined": false
      }
    ],
    "isTemplate": false,
    "count": 0,
    "lang": "pt-br",
    "updated": 0
  },
  {
    "id": "d6f42f60-c9ec-42d5-8775-1d9905d0da59",
    "data": [
      {
        "text": "Tem que ser de ",
        "userDefined": false
      },
      {
        "text": "baixa caloria",
        "meta": "@BaixaCaloria",
        "alias": "BaixaCaloria",
        "userDefined": false
      }
    ],
    "isTemplate": false,
    "count": 0,
    "lang": "pt-br",
    "updated": 0
  },
  {
    "id": "9e8e17e0-f762-44d7-820d-3a30f77615d8",
    "data": [
      {
        "text": "Algo de ",
        "userDefined": false
      },
      {
        "text": "menos de 15 minutos",
        "meta": "@Preparo",
        "alias": "Preparo",
        "userDefined": false
      }
    ],
    "isTemplate": false,
    "count": 0,
    "lang": "pt-br",
    "updated": 0
  },
  {
    "id": "e5e52231-f4f7-40bf-b242-aecd3a9fdcb6",
    "data": [
      {
        "text": "Café-da-manhã",
        "meta": "@Refeicao",
        "alias": "Refeicao",
        "userDefined": true
      }
    ],
    "isTemplate": false,
    "count": 0,
    "lang": "pt-br",
    "updated": 0
  },
  {
    "id": "dfa2a407-0a92-485f-a339-8cd2c7f81f56",
    "data": [
      {
        "text": "Um ",
        "userDefined": false
      },
      {
        "text": "jantar",
        "meta": "@Refeicao",
        "alias": "Refeicao",
        "userDefined": true
      }
    ],
    "isTemplate": false,
    "count": 0,
    "lang": "pt-br",
    "updated": 0
  },
  {
    "id": "16a37e32-5948-487b-b5da-dbd28e8f4bc2",
    "data": [
      {
        "text": "Um ",
        "userDefined": false
      },
      {
        "text": "almoço",
        "meta": "@Refeicao",
        "alias": "Refeicao",
        "userDefined": false
      },
      {
        "text": " ",
        "userDefined": false
      },
      {
        "text": "de domingo",
        "meta": "@Ocasiao",
        "alias": "Ocasiao",
        "userDefined": false
      }
    ],
    "isTemplate": false,
    "count": 0,
    "lang": "pt-br",
    "updated": 0
  },
  {
    "id": "10edd4ce-4b07-42a9-81ef-ea5b35c6a545",
    "data": [
      {
        "text": "Vê pra mim ",
        "userDefined": false
      },
      {
        "text": "um",
        "meta": "@sys.ignore",
        "userDefined": false
      },
      {
        "text": " ",
        "userDefined": false
      },
      {
        "text": "prato principal",
        "meta": "@CategoriaAlimento",
        "alias": "CategoriaAlimento",
        "userDefined": false
      },
      {
        "text": " ",
        "userDefined": false
      },
      {
        "text": "vegetariano",
        "meta": "@Vegetariana",
        "alias": "Vegetariana",
        "userDefined": false
      },
      {
        "text": " de ",
        "userDefined": false
      },
      {
        "text": "baixa caloria",
        "meta": "@BaixaCaloria",
        "alias": "BaixaCaloria",
        "userDefined": false
      },
      {
        "text": " ",
        "userDefined": false
      },
      {
        "text": "para",
        "meta": "@sys.ignore",
        "userDefined": false
      },
      {
        "text": " o ",
        "userDefined": false
      },
      {
        "text": "almoço",
        "meta": "@Refeicao",
        "alias": "Refeicao",
        "userDefined": false
      },
      {
        "text": " ",
        "userDefined": false
      },
      {
        "text": "de natal",
        "meta": "@Ocasiao",
        "alias": "Ocasiao",
        "userDefined": false
      },
      {
        "text": " que fique pronto em ",
        "userDefined": false
      },
      {
        "text": "até uma hora",
        "meta": "@Preparo",
        "alias": "Preparo",
        "userDefined": false
      }
    ],
    "isTemplate": false,
    "count": 0,
    "lang": "pt-br",
    "updated": 0
  },
  {
    "id": "2705795b-ad27-44d2-a2c7-9d0e6885a403",
    "data": [
      {
        "text": "Me mostre todas as receitas que você tem",
        "userDefined": false
      }
    ],
    "isTemplate": false,
    "count": 0,
    "lang": "pt-br",
    "updated": 0
  },
  {
    "id": "db26e71e-58ad-41f0-8ad3-1b8a7518eec9",
    "data": [
      {
        "text": "Você tem ",
        "userDefined": false
      },
      {
        "text": "alimentos",
        "meta": "@sys.ignore",
        "userDefined": false
      },
      {
        "text": " de ",
        "userDefined": false
      },
      {
        "text": "baixa caloria",
        "meta": "@BaixaCaloria",
        "alias": "BaixaCaloria",
        "userDefined": true
      },
      {
        "text": "? Quero emagrecer",
        "userDefined": false
      }
    ],
    "isTemplate": false,
    "count": 0,
    "lang": "pt-br",
    "updated": 0
  },
  {
    "id": "6656b00a-c5ce-4fb9-8e44-19fd7c6a1893",
    "data": [
      {
        "text": "Me mostre o que você tem de ",
        "userDefined": false
      },
      {
        "text": "comida",
        "meta": "@sys.ignore",
        "userDefined": false
      },
      {
        "text": " ",
        "userDefined": false
      },
      {
        "text": "vegana",
        "meta": "@Vegetariana",
        "alias": "Vegetariana",
        "userDefined": true
      }
    ],
    "isTemplate": false,
    "count": 0,
    "lang": "pt-br",
    "updated": 0
  },
  {
    "id": "0817434d-0e06-4311-a5f3-caf89d1a83a5",
    "data": [
      {
        "text": "Quero ",
        "userDefined": false
      },
      {
        "text": "um",
        "meta": "@sys.ignore",
        "userDefined": false
      },
      {
        "text": " ",
        "userDefined": false
      },
      {
        "text": "prato principal",
        "meta": "@CategoriaAlimento",
        "alias": "CategoriaAlimento",
        "userDefined": true
      },
      {
        "text": " ",
        "userDefined": false
      },
      {
        "text": "para",
        "meta": "@sys.ignore",
        "userDefined": false
      },
      {
        "text": " o ",
        "userDefined": false
      },
      {
        "text": "almoço",
        "meta": "@Refeicao",
        "alias": "Refeicao",
        "userDefined": true
      },
      {
        "text": " do ",
        "userDefined": false
      },
      {
        "text": "dia-a-dia",
        "meta": "@Ocasiao",
        "alias": "Ocasiao",
        "userDefined": true
      },
      {
        "text": " que fique pronto ",
        "userDefined": false
      },
      {
        "text": "em menos de 30 minutos",
        "meta": "@Preparo",
        "alias": "Preparo",
        "userDefined": true
      }
    ],
    "isTemplate": false,
    "count": 0,
    "lang": "pt-br",
    "updated": 0
  }
]