[
  {
    "value": "Cotidiano",
    "synonyms": [
      "Cotidiano",
      "dia-a-dia",
      "dia comum",
      "dia normal",
      "domingo",
      "fim de semana",
      "sexta",
      "sábado",
      "quinta-feira",
      "terça-feira",
      "quarta-feira",
      "amanhã",
      "hoje",
      "simples"
    ]
  },
  {
    "value": "Natal",
    "synonyms": [
      "Natal",
      "Fim de ano",
      "25 de Dezembro"
    ]
  },
  {
    "value": "Ano Novo",
    "synonyms": [
      "Ano Novo",
      "1º de Janeiro",
      "réveillon"
    ]
  },
  {
    "value": "Páscoa",
    "synonyms": [
      "Páscoa",
      "Sexta-feira da Paixão"
    ]
  },
  {
    "value": "Dia dos Namorados",
    "synonyms": [
      "Dia dos Namorados",
      "São Valentim",
      "12 de Junho",
      "Santo Casamenteiro"
    ]
  }
]