[
  {
    "value": "Menos de 15 minutos",
    "synonyms": [
      "Menos de 15 minutos",
      "Menos de 10 minutos",
      "Rápida"
    ]
  },
  {
    "value": "Entre 15 e 30 minutos",
    "synonyms": [
      "Entre 15 e 30 minutos",
      "Até meia hora"
    ]
  },
  {
    "value": "Entre 30 e 60 minutos",
    "synonyms": [
      "Entre 30 e 60 minutos",
      "Até uma hora",
      "Tempo de preparo razoável"
    ]
  },
  {
    "value": "Entre 60 a 90 minutos",
    "synonyms": [
      "Entre 60 a 90 minutos",
      "Até uma hora e meia"
    ]
  },
  {
    "value": "Mais que 90 minutos",
    "synonyms": [
      "Mais que 90 minutos",
      "Mais que uma hora e meia"
    ]
  }
]